title,rating
The Beatles: Get Back,Error 404
Hawkeye,92%
Port Protection Alaska,Error 404
Secrets of the Zoo: Tampa,Error 404
"Dr. Oakley, Yukon Vet",Error 404
Disney Fancy Nancy,Error 404
Disney Intertwined,Error 404
Olaf Presents,100%
Disney Amphibia,Error 404
Photo Ark,
Storm Rising,Error 404
PJ Masks,
The Wild Life of Dr. Ole,Error 404
Apollo: Back To The Moon,Error 404
Just Beyond,88%
Secrets Of The Zoo: Down Under,Error 404
Secrets of the Zoo: North Carolina,Error 404
The Wizard of Paws,Error 404
Zombies: Addison's Moonstone Mystery,Error 404
Among the Stars,
Drain the Oceans,
Drain The Oceans: The Mississippi River & Arctic War,Error 404
IMPACT with Gal Gadot,
The Ghost and Molly McGee,
Disney Vampirina,Error 404
Disney's Magic Bake-Off,Error 404
Great Barrier Reef,
Ready for Preschool,Error 404
Rolie Polie Olie,
Star Wars Galaxy of Sounds,
The Hatcher Family Dairy,
The Simpsons,85%
Dog: Impossible,Error 404
Spidey And His Amazing Friends,
Star Wars: Visions,Error 404
Life Below Zero,
Miraculous: Tales Of Ladybug & Cat Noir,Error 404
Unknown Waters with Jeremy Wade,
"Doogie Kamealoha, M.D.",Error 404
"Mira, Royal Detective",Error 404
Pepper Ann,
The Incredible Dr. Pol,Error 404
Alaska Animal Rescue,
Dug Days,100%
Dr. K's Exotic Animal ER,Error 404
Gigantosaurus,
Life Below Zero: Next Generation,Error 404
Growing Up Animal,
America's Funniest Home Videos: Animal Edition,Error 404
Chicken Squad,Error 404
Disney Presents Goofy in How to Stay at Home,
Gabby Duran And The Unsittables,
What If...?,Error 404
Cesar Millan: Better Human Better Dog,Error 404
Walt Disney Animation Studios: Short Circuit Experimental Films,Error 404
Chip 'n' Dale: Park Life,Error 404
Critter Fixers: Country Vets,Error 404
Disney Junior T.O.T.S.,Error 404
Mickey Mouse Funhouse,
Minnie's Bow-Toons: Party Palace Pals,Error 404
Turning the Tables with Robin Roberts,
Behind the Attraction,75%
Disney The Owl House,Error 404
Meet Spidey and His Amazing Friends (Shorts),Error 404
Mission Force One,Error 404
Turner & Hooch,Error 404
Shark Attack Files,Error 404
So Random!,Error 404
When Sharks Attack,
Breaking Bobby Bones,
Mickey Mouse Mixed-Up Adventures,Error 404
Monsters at Work,65%
Disney Raven's Home,Error 404
Running Wild with Bear Grylls,
The Mysterious Benedict Society,86%
Dino Ranch,Error 404
Disney Just Roll With It,Error 404
"Heartland Docs, DVM",Error 404
Star Wars Vintage: Droids,Error 404
Puppy Dog Pals,
Zenimation,
Loki,87%
Gordon Ramsay: Uncharted,Error 404
MUPPET BABIES,
Bluey,
Disney Sydney To The Max,Error 404
Kingdom of the Polar Bears,
Wicked Tuna,
Big City Greens,
Fury Files,
Ice Road Rescue,
Schoolhouse Rock!,Error 404
Disney Special Agent Oso: Three Healthy Steps (Shorts),Error 404
Race to the Center of the Earth,
Special Agent Oso,
The Incredible Hulk,
Wander Over Yonder,
Star Wars Vehicle Flythroughs,
The Bad Batch,Error 404
Spider-Man,Error 404
Adventures in Wonderland,
DuckTales,
Liv and Maddie,Error 404
Secrets of the Whales,92%
Big Shot,78%
Earth Moods,
Primal Survivor,
Future-Worm!,Error 404
Kick Buttowski: Suburban Daredevil,Error 404
Higglytown Heroes,
Made in a Day,
Secrets Of The Zoo,
Star Wars Vintage: Clone Wars 2D Micro-Series,Error 404
Star Wars: Ewoks,Error 404
Walk the Prank,
Pickle and Peanut,
The Mighty Ducks: Game Changers,Error 404
Disney Big Hero 6 The Series,Error 404
Mexico Untamed,Error 404
The Falcon and The Winter Soldier,85%
Marvel Studios ASSEMBLED,
American Dragon: Jake Long,Error 404
Car SOS,Error 404
Disney Channel Games 2008,
Disney Roll It Back (Shorts),Error 404
Dog With a Blog,
Mickey Go Local,Error 404
Pair of Kings,
Secrets of Sulphur Springs,
The Muppet Show,100%
Marvel Battleworld: Mystery of the Thanostones,Error 404
Wicked Tuna: Outer Banks,Error 404
Dinosaurs,91%
Pixar Popcorn,
Elena of Avalor,
WandaVision,92%
Disney Fam Jam,
Marvel Studios LEGENDS,
Cosmos: Possible Worlds,Error 404
Disney Gallery / Star Wars: The Mandalorian,Error 404
Disney Parks Sunrise Series,
On Pointe,
Wild Nordic,Error 404
Once Upon a Time in Wonderland,63%
Party Animals,Error 404
Bia,Error 404
Marvel's 616,Error 404
The Wonderful World of Mickey Mouse,
Inside Pixar,
Fancy Nancy (Shorts),Error 404
Goldie & Bear,Error 404
The Mandalorian,90%
X-Ray Earth,Error 404
Gathering Storm,Error 404
India From Above,Error 404
Marvel Super Hero Adventures,Error 404
Meet The Chimps,
The Rocketeer,
The Right Stuff,55%
Magic of Disney's Animal Kingdom,Error 404
Wild Central America,Error 404
Ancient China from Above,Error 404
Becoming,
Coop & Cami Ask The World,Error 404
Europe from Above,Error 404
Kingdom of the Mummies,
Once Upon a Time,78%
Soy Luna,Error 404
Violetta,Error 404
Earth to Ned,83%
"Weirdest, Bestest, Truest",Error 404
Disney Junior T.O.T.S.: Calling All T.O.T.S. (Shorts),Error 404
Jungle Animal Rescue,Error 404
Nature Boom Time,Error 404
Sam's Zookeeper Challenge,Error 404
Scuba Sam's World,Error 404
Spaced Out,
Weird But True!,Error 404
Wild Cats of India,
UFO Europe: The Untold Stories,Error 404
Animal Showdown,
Best Job Ever,Error 404
Destination World,Error 404
Fearless Adventures with Jack Randall,
King Fishers,
Marvel Funko Shorts,
Muppets Now,69%
What Sam Sees,
PJ Masks (Shorts),Error 404
Rogue Trip,100%
Wild Congo,Error 404
Wild Sri Lanka,Error 404
Disney Junior Music Lullabies,
Super Robot Monkey Team Hyperforce Go!,Error 404
Wild Chile,
Cosmos: A Spacetime Odyssey,Error 404
Animal ER,Error 404
Disney A.N.T. Farm,Error 404
Into the Unknown: Making Frozen 2,Error 404
101 Dalmatians (Series),Error 404
Disney Junior Muppet Babies Play Date,Error 404
Mighty Med,
Alaska's Grizzly Gauntlet,Error 404
Howie Mandel's Animals Doing Things,Error 404
Japan: Between Earth and Sky,Error 404
Secrets of Wild India,Error 404
The Greeks,
Wild Hawaii,Error 404
The Evermoor Chronicles,
Doc McStuffins,
Marvel's Future Avengers,Error 404
The Big Fib,
It's a Dog's Life with Bill Farmer,Error 404
Awesome Animals,
Birth of Europe,
Buried Secrets Of The Bible With Albert Lin,
Disney Prop Culture,Error 404
Lost Treasures Of Egypt,Error 404
Love & Vets,Error 404
Prairie Dog Manor,Error 404
United States Of Animals,
Unlikely Animal Friends,
America's Funniest Home Videos,Error 404
Tangled: The Series,Error 404
Brain Games,
Disney Mickey and the Roadster Racers - Chip 'N' Dale's Nutty Tales (Shorts),Error 404
Tron Uprising,
Disney Playtime with Puppy Dog Pals (Shorts),Error 404
Paradise Islands,Error 404
Tut's Treasures: Hidden Secrets,Error 404
Fish Hooks,
Sonny With A Chance,
Be Our Chef,
Disney I Didn't Do It,Error 404
Disney Insider,
Disney Vampirina Ghoul Girls Rock! (Shorts),Error 404
101 Dalmatian Street,Error 404
Shop Class,
Star Wars Resistance,92%
Lost Cities With Albert Lin,
Star Wars: The Clone Wars,Error 404
Fairy Tale Weddings,Error 404
That's So Raven,Error 404
Diary of a Future President,100%
High School Musical: The Musical: The Series: The Sing-Along,Error 404
America's National Parks,Error 404
Continent 7: Antarctica,Error 404
Disney Randy Cunningham: 9th Grade Ninja,Error 404
Muppet Babies Show and Tell (Shorts),Error 404
The Lodge,
Wild Russia,
Marvel's Runaways,Error 404
Austin & Ally,Error 404
Billy Dilley's Super-Duper Subterranean Summer,Error 404
First Class Chefs: Family Style,Error 404
One Strange Rock,83%
Out There with Jack Randall,
The Proud Family,
The Super Hero Squad,Error 404
Year Million,
Pick of the Litter,
One Day at Disney (Shorts),Error 404
Disney The Lion Guard,Error 404
Disney Star vs. the Forces of Evil,Error 404
Henry Hugglemonster,Error 404
Miles From Tomorrowland,
Sheriff Callie's Wild West,Error 404
Supercar Megabuild,Error 404
Mickey Mouse Roadster Racers,Error 404
Andi Mack,
Best Friends Whenever,
Big City Greens (Shorts),Error 404
Big Hero 6 The Series (Shorts),Error 404
Bonkers,
Boy Meets World,
Bug Juice: My Adventures at Camp,Error 404
Chip 'n Dale's Rescue Rangers,Error 404
Coop & Cami Ask The World (Shorts),Error 404
Crash & Bernstein,Error 404
Darkwing Duck,
Disney Bizaardvark,Error 404
Disney Descendants Wicked World (Shorts),Error 404
Disney DuckTales (Shorts),Error 404
Disney Evermoor,Error 404
Disney Family Sundays,
Disney Fast Layne,Error 404
Disney Gravity Falls,Error 404
Disney Gravity Falls (Shorts),Error 404
Disney Jake and the Never Land Pirates,Error 404
Disney JONAS,Error 404
Disney Junior Music Nursery Rhymes,Error 404
Disney K.C. Undercover,Error 404
Disney Lab Rats: Elite Force,Error 404
Disney Legend of the Three Caballeros,Error 404
Disney Mickey Mouse Clubhouse,Error 404
Disney Milo Murphy's Law,Error 404
Disney Minnie's Bow-Toons (Shorts),Error 404
Disney Stuck In The Middle,Error 404
Disney Take Two With Phineas And Ferb (Shorts),Error 404
Disney Tangled: The Series - Short Cuts,Error 404
Disney's Adventures Of The Gummi Bears,Error 404
Disney's Doug,Error 404
Disney's Hercules: The Animated Series,Error 404
Disney's Kim Possible,Error 404
Disney's Little Einsteins,Error 404
Disney's Mighty Ducks,Error 404
Disney's Recess,Error 404
Disney's The Emperor's New School,Error 404
Disney's The Little Mermaid (Series),Error 404
Dog Whisperer with Cesar Millan,Error 404
"Dr. T, Lone Star Vet",Error 404
Elena of Avalor (Shorts),Error 404
Encore!,Error 404
Even Stevens,
Fantastic Four (Series),Error 404
Fantastic Four: World's Greatest Heroes,Error 404
Gargoyles,
Girl Meets World,
Good Luck Charlie,
Goof Troop,Error 404
Great Migrations,
Handy Manny,
Hannah Montana,
High School Musical: The Musical: The Series,Error 404
Hostile Planet,
Hulk and the Agents of S.M.A.S.H.,Error 404
Iron Man (Series),Error 404
Iron Man Armored Adventures,60%
Jessie,
Kickin' It,Error 404
Kingdom of the White Wolf,
Lab Rats,
LEGO Disney Frozen: Northern Lights (Shorts),Error 404
LEGO Star Wars: All Stars,Error 404
LEGO Star Wars: All Stars (Shorts),Error 404
LEGO Star Wars: Droid Tales,Error 404
LEGO Star Wars: Resistance Rises (Shorts),Error 404
LEGO Star Wars: The Freemaker Adventures,Error 404
LEGO Star Wars: The Freemaker Adventures (Shorts),Error 404
Lizzie McGuire,90%
Lost Treasures of the Maya,
Marvel Comics X-Men,Error 404
Marvel Rising: Initiation (Shorts),Error 404
Marvel Ultimate Spider-Man,Error 404
Marvel's Agent Carter,Error 404
Marvel's Ant-Man (Shorts),Error 404
Marvel's Avengers Assemble,Error 404
Marvel's Avengers: Secret Wars (Shorts),Error 404
Marvel's Guardians of the Galaxy (Series),Error 404
Marvel's Guardians of the Galaxy (Shorts),Error 404
Marvel's Hero Project,Error 404
Marvel's Inhumans,Error 404
Marvel's Rocket & Groot (Shorts),Error 404
Marvel's Ultimate Comics,Error 404
Mickey Mouse (Shorts),Error 404
Mickey Mouse Club (1955-59),Error 404
Muppet Moments (Shorts),Error 404
My Friends Tigger & Pooh,Error 404
Origins: The Journey of Humankind,Error 404
Out of the Box,Error 404
Phil of the Future,
Phineas and Ferb,
Pixar In Real Life,
Quack Pack,Error 404
Rocky Mountain Animal Rescue,
Shake It Up,
Silver Surfer,Error 404
So Weird,
Spider-Man (Shorts),Error 404
Spider-Man and His Amazing Friends,Error 404
Spider-Man Unlimited,Error 404
Spider-Woman,Error 404
Star Wars Forces of Destiny (Shorts),Error 404
Star Wars Rebels,98%
Star Wars Rebels (Shorts),Error 404
Star Wars: Blips,Error 404
TaleSpin,
The Adventures of Spin and Marty,
The Avengers: Earth's Mightiest Heroes,Error 404
The Avengers: United They Stand,Error 404
The Book of Once Upon a Time,Error 404
The Book of Pooh,
The Imagineering Story,100%
The Muppets (Series),Error 404
The New Adventures of Winnie the Pooh,
The Replacements,
The Suite Life of Zack & Cody,Error 404
The Suite Life On Deck,
The World According to Jeff Goldblum,83%
Timon & Pumbaa,Error 404
Wild Yellowstone,Error 404
Wizards of Waverly Place,
Wolverine and The X-Men,Error 404
X-Men: Evolution,Error 404
Smart Guy,
Disney Kirby Buckets,Error 404
Disney Mech-X4,Error 404
Imagination Movers,
Blood & Water,Error 404
Ganglands,
Jailbirds New Orleans,
Kota Factory,
Midnight Mass,87%
The Great British Baking Show,87%
"Vendetta: Truth, Lies and The Mafia",Error 404
Bangkok Breaking,
Crime Stories: India Detectives,Error 404
Dear White People,88%
Falsa identidad,Error 404
Jaguar,
Monsters Inside: The 24 Faces of Billy Milligan,Error 404
Resurrection: Ertugrul,Error 404
Love on the Spectrum,100%
Chicago Party Aunt,43%
Sex Education,93%
Squid Game,95%
Tayo and Little Wizards,Error 404
Angry Birds,
Chhota Bheem,Error 404
He-Man and the Masters of the Universe,Error 404
The Smart Money Woman,Error 404
Castle and Castle,Error 404
Dharmakshetra,
Nailed It,
Numberblocks,
Raja Rasoi Aur Anya Kahaniyan,Error 404
Saved by the Bell,
Stories by Rabindranath Tagore,Error 404
Too Hot To Handle: Latino,Error 404
Jack Whitehall: Travels with My Father,Error 404
The World's Most Amazing Vacation Rentals,Error 404
Yowamushi Pedal,Error 404
Lucifer,87%
Metal Shop Masters,
PokÃ©mon Master Journeys: The Series,Error 404
Titipo Titipo,Error 404
Mighty Raju,Error 404
Into the Night,89%
The Circle,Error 404
Kid Cosmic,
Octonauts: Above & Beyond,Error 404
On the Verge,60%
Tobot Galaxy Detectives,Error 404
Countdown: Inspiration4 Mission to Space,Error 404
Tayo the Little Bus,Error 404
Bunk'd,Error 404
Dive Club,
La casa de papel,94%
Money Heist: From Tokyo to Berlin,Error 404
Sharkdog,
Heroes of Goo Jit Zu,Error 404
Hotel Del Luna,Error 404
Luv Kushh,Error 404
Pororo - The Little Penguin,Error 404
Q-Force,Error 404
Brave Animated Series,Error 404
How to Be a Cowboy,
HQ Barbers,Error 404
Kid-E-Cats,Error 404
Kuroko's Basketball,Error 404
Major Dad,
Oldsters,Error 404
Turning Point: 9/11 and the War on Terror,Error 404
Sparking Joy,100%
Hometown Cha-Cha-Cha,Error 404
The Ingenuity of the Househusband,
Bread Barbershop,Error 404
D.P.,Error 404
Deadly Sins,
I Heart Arlo,
King of Boys: The Return of the King,Error 404
Rebellion,40%
RIDE ON TIME,Error 404
Titletown High,
EDENS ZERO,
Family Reunion,
Clickbait,59%
John of God: The Crimes of a Spiritual Healer,Error 404
Motel Makeover,
Open Your Eyes,
Post Mortem: No One Dies in Skarnes,Error 404
Wheel of Fortune,
Oggy Oggy,
Manifest,72%
Comedy Premium League,
Everything Will Be Fine,
Korean Cold Noodle Rhapsody,Error 404
The Chair,100%
Go! Go! Cory Carson,Error 404
The Defeated,
Mother Goose Club,Error 404
Rascal Does Not Dream of Bunny Girl Senpai,Error 404
The Creative Indians,Error 404
Winx Club,
Brand New Cherry Flavor,76%
Fast & Furious Spy Racers,Error 404
Gone for Good,
Grace and Frankie,90%
The Kingdom,
Valeria,
